{
  "times": [
    {
      "id": 1,
      "nome": "teste"
    },
    {
      "id": 2,
      "nome": "Fluminense"
    },
    {
      "id": 3,
      "nome": "VASCO"
    },
    {
      "id": 4,
      "nome": "FLAMENGO"
    },
    {
      "id": 5,
      "nome": "ASDFASDF"
    },
    {
      "id": 6,
      "nome": "Corinthiansasdfasdf"
    },
    {
      "id": 7,
      "nome": "weqrqwerqwerqwer"
    }
  ],
  "jogadores": [
    {
      "id": 1,
      "nome": "Euler",
      "posicao": "Atacante",
      "timeId": "3",
      "camisa": "7",
      "salario": "30000",
      "info": "filho do vento"
    }
  ],
  "partidas": [
    {
      "id": 1000,
      "time_casa": 1,
      "time_visitante": 2
    }
  ],
  "gols": [
    {
      "id": 10000,
      "partida_id": 1000,
      "jogador_id": 11
    },
    {
      "id": 10001,
      "partida_id": 1000,
      "jogador_id": 12
    }
  ]
}